{"mode":"double","json":{"blocks":{"languageVersion":0,"blocks":[{"type":"mybuddy_init","id":"~Ze_l4q/*`^t52c0F]q,","x":10,"y":10,"fields":{"ROBOT":"MyBuddy","PORT":"/dev/ttyACM0","BAUD":"115200"},"next":{"block":{"type":"variables_set","id":"^}Jrx}t1q_EO@?^nGb}F","fields":{"VAR":{"id":"-jKq`}#`hk)v0_n3WTTX"}},"inputs":{"VALUE":{"block":{"type":"math_number","id":"99b~nTWq|}7nxP||PA/m","fields":{"NUM":0.4}}}}}}},{"type":"right_arm","id":"owi[)dUVJ+FgE48lC4FE","x":-12,"y":1388,"inputs":{"RIGHT_ARM":{"block":{"type":"mybuddy_send_angles","id":"9PMbw*g||T3c,n2F?|X:","fields":{"ID":"2"},"inputs":{"J1":{"shadow":{"type":"angle_slider","id":"Z{|-}V25`we]7O^VQ)`u","fields":{"NUM":103}}},"J2":{"shadow":{"type":"angle_slider","id":"7#R:7$Kj[|PuYC[7)yI:","fields":{"NUM":-78}}},"J3":{"shadow":{"type":"angle_slider","id":",?hek8B8EevBZbgb0%+Z","fields":{"NUM":-70}}},"J4":{"shadow":{"type":"angle_slider","id":",vUoFu!aYNH.wje.(ojO","fields":{"NUM":105}}},"J5":{"shadow":{"type":"angle_slider","id":"oZ?:=MIify@7PoGYJ.6U","fields":{"NUM":16}}},"J6":{"shadow":{"type":"angle_slider","id":"W,5x@Ziv09sg:^EX|2Ew","fields":{"NUM":0}}},"SPEED":{"shadow":{"type":"speed_slider","id":"%C(dm/C#V@2945ND!]v0","fields":{"NUM":30}}}},"next":{"block":{"type":"time_sleep","id":"]V0mMVVZ0b{cgUv21A=x","inputs":{"TIME":{"shadow":{"type":"speed_slider","id":")1tH=}}r2)C^3bo5LVBb","fields":{"NUM":2}}}},"next":{"block":{"type":"mybuddy_send_angles","id":"^:B_0!p%^1:uJ,uJ0Zk8","fields":{"ID":"2"},"inputs":{"J1":{"shadow":{"type":"angle_slider","id":"4Zj~w)*X8@LUOB{!C1lg","fields":{"NUM":82}}},"J2":{"shadow":{"type":"angle_slider","id":"1Kp6~,r#PE@z^,=8#pSh","fields":{"NUM":-61}}},"J3":{"shadow":{"type":"angle_slider","id":"~Dr}[c0L$_vbPsqYo!gQ","fields":{"NUM":-70}}},"J4":{"shadow":{"type":"angle_slider","id":"T:Tp~r9y*{!$lkOMa~UW","fields":{"NUM":86}}},"J5":{"shadow":{"type":"angle_slider","id":"XEm%K7Xm9fF3Dd%HmuiE","fields":{"NUM":29}}},"J6":{"shadow":{"type":"angle_slider","id":"C#PGK2Rb85SY$V,_x(At","fields":{"NUM":0}}},"SPEED":{"shadow":{"type":"speed_slider","id":",`r#zz7Wcq%761_Rl@1Z","fields":{"NUM":50}}}},"next":{"block":{"type":"time_sleep","id":"t,4|pys9?m(5;i-z$Yo5","inputs":{"TIME":{"shadow":{"type":"speed_slider","id":"DH*.SH|%Qaa]![fIcZ5^","fields":{"NUM":0.3}},"block":{"type":"variables_get","id":"lpx?FWH+*0z.E^[yPX~I","fields":{"VAR":{"id":"-jKq`}#`hk)v0_n3WTTX"}}}}},"next":{"block":{"type":"mybuddy_send_angles","id":"2mWiA1x8jjN?!6N?.|y?","fields":{"ID":"2"},"inputs":{"J1":{"shadow":{"type":"angle_slider","id":"t7AL#-/;.1LGf6PUG!4y","fields":{"NUM":113}}},"J2":{"shadow":{"type":"angle_slider","id":"%bs~!`z(Q@+zk+O`)OUa","fields":{"NUM":-30}}},"J3":{"shadow":{"type":"angle_slider","id":"*vQojStW3mhtC~_K//Zm","fields":{"NUM":-70}}},"J4":{"shadow":{"type":"angle_slider","id":"qoVAVLSJyK|J*GKfeelP","fields":{"NUM":60}}},"J5":{"shadow":{"type":"angle_slider","id":"3^t/0w,S9aB];dN%k^mx","fields":{"NUM":-20}}},"J6":{"shadow":{"type":"angle_slider","id":"pti;M#KOSMu:V;KiX[ik","fields":{"NUM":0}}},"SPEED":{"shadow":{"type":"speed_slider","id":"Ux_q;lm;5QN!yHaVoOVT","fields":{"NUM":50}}}},"next":{"block":{"type":"time_sleep","id":"}pY?pw,G8f:HTET,o`jq","inputs":{"TIME":{"shadow":{"type":"speed_slider","id":"tk{g*OPsW,l3T?b:`?G?","fields":{"NUM":0.3}},"block":{"type":"variables_get","id":"(y5(}%-h,V?Uua8Tg/FC","fields":{"VAR":{"id":"-jKq`}#`hk)v0_n3WTTX"}}}}},"next":{"block":{"type":"mybuddy_send_angles","id":"Q!;iwsFF`jJd[!;)8YMg","fields":{"ID":"2"},"inputs":{"J1":{"shadow":{"type":"angle_slider","id":"hq)q2Ufp7g~m3FO:pYk^","fields":{"NUM":82}}},"J2":{"shadow":{"type":"angle_slider","id":"j[}6!@I@i{o#kfHKOns|","fields":{"NUM":-61}}},"J3":{"shadow":{"type":"angle_slider","id":"X(QbXATO5~T}E-3:8g:V","fields":{"NUM":-70}}},"J4":{"shadow":{"type":"angle_slider","id":"jJg9c{0sxm!D$;}^PpGP","fields":{"NUM":86}}},"J5":{"shadow":{"type":"angle_slider","id":"~J^lq;uWr*Un-vkzBK.V","fields":{"NUM":29}}},"J6":{"shadow":{"type":"angle_slider","id":"z38nIW};?rk~lf0(-q!,","fields":{"NUM":0}}},"SPEED":{"shadow":{"type":"speed_slider","id":"[Bp|Et53mBb/d|G72,0{","fields":{"NUM":50}}}},"next":{"block":{"type":"time_sleep","id":",t6v!U_W-38Q_avhDv/$","inputs":{"TIME":{"shadow":{"type":"speed_slider","id":"R8~np{bK7Zr*3cR9zzmy","fields":{"NUM":0.3}},"block":{"type":"variables_get","id":"9K~T2sL3Y?$GD8%[bqp,","fields":{"VAR":{"id":"-jKq`}#`hk)v0_n3WTTX"}}}}},"next":{"block":{"type":"mybuddy_send_angles","id":"C~)ZnET:I=.hQ;Pr?CBo","fields":{"ID":"2"},"inputs":{"J1":{"shadow":{"type":"angle_slider","id":"He-Ozl6pAL9-URk#)=v!","fields":{"NUM":103}}},"J2":{"shadow":{"type":"angle_slider","id":",i-]ihiI8Wh@8u)gmZ:A","fields":{"NUM":-78}}},"J3":{"shadow":{"type":"angle_slider","id":"%XTQ6XxcAkrnV0k=UN_]","fields":{"NUM":-70}}},"J4":{"shadow":{"type":"angle_slider","id":":G^[|aez_^V4jM%nQ!P,","fields":{"NUM":105}}},"J5":{"shadow":{"type":"angle_slider","id":"j;G=/:WZU##q%~B?m%am","fields":{"NUM":16}}},"J6":{"shadow":{"type":"angle_slider","id":"3tdB0n%P`po;6QFx#{cN","fields":{"NUM":0}}},"SPEED":{"shadow":{"type":"speed_slider","id":"a5X~~42*@]3ZZX}Zz6kS","fields":{"NUM":50}}}},"next":{"block":{"type":"time_sleep","id":"e,E~JJCWc;tSG1P!Wkcq","inputs":{"TIME":{"shadow":{"type":"speed_slider","id":"g)oRj(B*~$yZt,C`qN!!","fields":{"NUM":0.3}},"block":{"type":"variables_get","id":"MJL*/e;x=)SOW^6,CBTe","fields":{"VAR":{"id":"-jKq`}#`hk)v0_n3WTTX"}}}}},"next":{"block":{"type":"mybuddy_send_angles","id":"B[8g-v~VzMYXa$R2Ijmt","fields":{"ID":"2"},"inputs":{"J1":{"shadow":{"type":"angle_slider","id":"Y{ZH1OH{:RFHm:^1Djmf","fields":{"NUM":82}}},"J2":{"shadow":{"type":"angle_slider","id":"M:iJlrozm0q.*r@vQvn)","fields":{"NUM":-61}}},"J3":{"shadow":{"type":"angle_slider","id":"(/L~s~dKTZ?{dSLJGPz}","fields":{"NUM":-70}}},"J4":{"shadow":{"type":"angle_slider","id":"@=;Fu?+l(V8TP[aNjwXc","fields":{"NUM":86}}},"J5":{"shadow":{"type":"angle_slider","id":"PE[e4cb^-`^bMUH-PL{h","fields":{"NUM":29}}},"J6":{"shadow":{"type":"angle_slider","id":"{0Y|}ivH#z@t9+.LpmW/","fields":{"NUM":0}}},"SPEED":{"shadow":{"type":"speed_slider","id":"kB2(oev9R?8tf3Rigp-y","fields":{"NUM":50}}}},"next":{"block":{"type":"time_sleep","id":"L_)Mi-`+g3{.#2Xj`)|4","inputs":{"TIME":{"shadow":{"type":"speed_slider","id":"Dd-:(|.9V3AU3F*[ZT:o","fields":{"NUM":0.3}},"block":{"type":"variables_get","id":":XX|RO,llc(IWw?BI[U6","fields":{"VAR":{"id":"-jKq`}#`hk)v0_n3WTTX"}}}}},"next":{"block":{"type":"mybuddy_send_angles","id":"l**RsBS4CcZTAeP/e6#n","fields":{"ID":"2"},"inputs":{"J1":{"shadow":{"type":"angle_slider","id":"!h?wZ|Pi7}eavwNs9Jgv","fields":{"NUM":113}}},"J2":{"shadow":{"type":"angle_slider","id":"PJ(zJQ;Im20/[k+*d?kL","fields":{"NUM":-30}}},"J3":{"shadow":{"type":"angle_slider","id":"73.n210v@y`Pj]x!;sN)","fields":{"NUM":-70}}},"J4":{"shadow":{"type":"angle_slider","id":"2Km$U^Q_8Lb^`VGdQk()","fields":{"NUM":60}}},"J5":{"shadow":{"type":"angle_slider","id":"x2j^yf}?BQLchKTMdm+^","fields":{"NUM":-20}}},"J6":{"shadow":{"type":"angle_slider","id":".8_:WuDSGU$TTt5/y/9p","fields":{"NUM":0}}},"SPEED":{"shadow":{"type":"speed_slider","id":"/)*La^db.3I(h.#L%Zo(","fields":{"NUM":50}}}},"next":{"block":{"type":"time_sleep","id":"Nl]mlX4WA{e{|fQ(e}M*","inputs":{"TIME":{"shadow":{"type":"speed_slider","id":"HTg$mJr3}RhpZ*.q86^x","fields":{"NUM":0.3}},"block":{"type":"variables_get","id":"H%-bM;}O8sL?v,kjsbRc","fields":{"VAR":{"id":"-jKq`}#`hk)v0_n3WTTX"}}}}},"next":{"block":{"type":"mybuddy_send_angles","id":"h@r((:f.DvUK]7Av*f`{","fields":{"ID":"2"},"inputs":{"J1":{"shadow":{"type":"angle_slider","id":"DRPoy!VW^yX~zM$+oPVE","fields":{"NUM":82}}},"J2":{"shadow":{"type":"angle_slider","id":"mmiC]W*)K#xQFP%p;l%N","fields":{"NUM":-61}}},"J3":{"shadow":{"type":"angle_slider","id":"xIeC@e]7m%q{_ss}!tSi","fields":{"NUM":-70}}},"J4":{"shadow":{"type":"angle_slider","id":"[[;@pfW^t8+EC$wiuGra","fields":{"NUM":86}}},"J5":{"shadow":{"type":"angle_slider","id":"q:{1mt$Ll^46]M?m]s6a","fields":{"NUM":29}}},"J6":{"shadow":{"type":"angle_slider","id":"=-^zdMGFFvJ:s}m7u],E","fields":{"NUM":0}}},"SPEED":{"shadow":{"type":"speed_slider","id":"[yJ_KgmL/-x).g:Bt!A(","fields":{"NUM":50}}}},"next":{"block":{"type":"time_sleep","id":"YY`{M{S(pk,nz|Z1ZV6)","inputs":{"TIME":{"shadow":{"type":"speed_slider","id":"uoh%XCPXU#Ok($;zN(Or","fields":{"NUM":0.3}},"block":{"type":"variables_get","id":"p%J?2O4Be|yFQ?~JTSLm","fields":{"VAR":{"id":"-jKq`}#`hk)v0_n3WTTX"}}}}},"next":{"block":{"type":"mybuddy_send_angles","id":"de)CMf^Yr2@i7xm98]Me","fields":{"ID":"2"},"inputs":{"J1":{"shadow":{"type":"angle_slider","id":"Vm0Ojt%JFV4KD{6K/qNI","fields":{"NUM":103}}},"J2":{"shadow":{"type":"angle_slider","id":"hbP39JjRcCDah@E^xFv6","fields":{"NUM":-78}}},"J3":{"shadow":{"type":"angle_slider","id":"[gq,xr{ECvo!2!Phg3:^","fields":{"NUM":-70}}},"J4":{"shadow":{"type":"angle_slider","id":"N50Mm55INUnn68=xA*5W","fields":{"NUM":105}}},"J5":{"shadow":{"type":"angle_slider","id":"k[$9e1QVmvl{;GuXs/rd","fields":{"NUM":16}}},"J6":{"shadow":{"type":"angle_slider","id":"j@gdXaJQgD=:)pRo5$YS","fields":{"NUM":0}}},"SPEED":{"shadow":{"type":"speed_slider","id":"IBGo-~;I+9M4bW}xSPsJ","fields":{"NUM":50}}}},"next":{"block":{"type":"time_sleep","id":"kZgu6uU|Km-IG:TL-w2m","inputs":{"TIME":{"shadow":{"type":"speed_slider","id":")1tH=}}r2)C^3bo5LVBb","fields":{"NUM":0.3}},"block":{"type":"variables_get","id":"s5NRK@f6GzEOd6C-Y`$=","fields":{"VAR":{"id":"-jKq`}#`hk)v0_n3WTTX"}}}}},"next":{"block":{"type":"mybuddy_send_angles","id":"a1z~+V@dj=BM?1z[aheM","fields":{"ID":"2"},"inputs":{"J1":{"shadow":{"type":"angle_slider","id":"5-,P)j?`S]FhE^}3.gg]","fields":{"NUM":82}}},"J2":{"shadow":{"type":"angle_slider","id":"SkIEV/FRr0#wCy)w7Az@","fields":{"NUM":-61}}},"J3":{"shadow":{"type":"angle_slider","id":"Jg6;EmZqBqf*u]v2#o@u","fields":{"NUM":-70}}},"J4":{"shadow":{"type":"angle_slider","id":"kWiJzHG}rY5QsL/6jtQJ","fields":{"NUM":86}}},"J5":{"shadow":{"type":"angle_slider","id":"cZ][rhciFQPJZ!tx~x?l","fields":{"NUM":29}}},"J6":{"shadow":{"type":"angle_slider","id":"8U_WtM|?|#N:J2[^Gn*!","fields":{"NUM":0}}},"SPEED":{"shadow":{"type":"speed_slider","id":"OrROUk;AIqa.j(WDVQ]Y","fields":{"NUM":50}}}},"next":{"block":{"type":"time_sleep","id":"_wLp:93TEh}-aMu6YZ+f","inputs":{"TIME":{"shadow":{"type":"speed_slider","id":"DH*.SH|%Qaa]![fIcZ5^","fields":{"NUM":0.3}},"block":{"type":"variables_get","id":"P{3]Q6WrvMs.v(4.)El*","fields":{"VAR":{"id":"-jKq`}#`hk)v0_n3WTTX"}}}}},"next":{"block":{"type":"mybuddy_send_angles","id":"P(s%(K$piv/p=hg(VBtu","fields":{"ID":"2"},"inputs":{"J1":{"shadow":{"type":"angle_slider","id":"r]a#M~Dv+-}zW5Fxz2O3","fields":{"NUM":113}}},"J2":{"shadow":{"type":"angle_slider","id":"he`!3d:#)P3WZMY)v}J5","fields":{"NUM":-30}}},"J3":{"shadow":{"type":"angle_slider","id":"#w?VGr]dHJV#k(x+!Z$d","fields":{"NUM":-70}}},"J4":{"shadow":{"type":"angle_slider","id":"6VWKYwxTfxi)}G=jc-HG","fields":{"NUM":60}}},"J5":{"shadow":{"type":"angle_slider","id":":]UrOUJ:q`K_.H/,~zW%","fields":{"NUM":-20}}},"J6":{"shadow":{"type":"angle_slider","id":"z3.mDhp/)oQtm*G[5.jF","fields":{"NUM":0}}},"SPEED":{"shadow":{"type":"speed_slider","id":"Gh`[$;b}sozQOY{dnx9|","fields":{"NUM":50}}}},"next":{"block":{"type":"time_sleep","id":"gYs5[qv1W0I-;elk0BsV","inputs":{"TIME":{"shadow":{"type":"speed_slider","id":"tk{g*OPsW,l3T?b:`?G?","fields":{"NUM":0.3}},"block":{"type":"variables_get","id":"*Xo2bUF|SIKTVGz1FABW","fields":{"VAR":{"id":"-jKq`}#`hk)v0_n3WTTX"}}}}},"next":{"block":{"type":"mybuddy_send_angles","id":"!m{E##nHhX(u^wjYMN3H","fields":{"ID":"2"},"inputs":{"J1":{"shadow":{"type":"angle_slider","id":"7@:5J,+TbK},q9i*iD?`","fields":{"NUM":82}}},"J2":{"shadow":{"type":"angle_slider","id":"bIiJVHs#9:Kp}v6CQDG}","fields":{"NUM":-61}}},"J3":{"shadow":{"type":"angle_slider","id":"{BSht?wo~}3${u$gU3fE","fields":{"NUM":-70}}},"J4":{"shadow":{"type":"angle_slider","id":"!R:a3h*!.jUx9p=FKc/=","fields":{"NUM":86}}},"J5":{"shadow":{"type":"angle_slider","id":"tKK54{eUFMI6[Eu-EUh0","fields":{"NUM":29}}},"J6":{"shadow":{"type":"angle_slider","id":"e:JXS(7evdY)OKhOW`D?","fields":{"NUM":0}}},"SPEED":{"shadow":{"type":"speed_slider","id":"2:MOd:cYLcjT,qK956-`","fields":{"NUM":50}}}},"next":{"block":{"type":"time_sleep","id":"3J_J$+G++b.H)CvZ.Lv9","inputs":{"TIME":{"shadow":{"type":"speed_slider","id":"R8~np{bK7Zr*3cR9zzmy","fields":{"NUM":0.3}},"block":{"type":"variables_get","id":"@?[TZAB:feRt{5g#fr`}","fields":{"VAR":{"id":"-jKq`}#`hk)v0_n3WTTX"}}}}},"next":{"block":{"type":"mybuddy_send_angles","id":"Mz/7Ct.zh#?P_,iR:8C-","fields":{"ID":"2"},"inputs":{"J1":{"shadow":{"type":"angle_slider","id":"_c@T*l/:`P3`woW=28Id","fields":{"NUM":94}}},"J2":{"shadow":{"type":"angle_slider","id":"?@H)kwDd~%!$K+5zrCV4","fields":{"NUM":-78}}},"J3":{"shadow":{"type":"angle_slider","id":"U%G7]5fS/@_g`$nlDC}?","fields":{"NUM":-70}}},"J4":{"shadow":{"type":"angle_slider","id":"pwDlf.!*CC/h~.n0X1Tz","fields":{"NUM":105}}},"J5":{"shadow":{"type":"angle_slider","id":"[B3k08l3+o#Qo1*GIQ?D","fields":{"NUM":16}}},"J6":{"shadow":{"type":"angle_slider","id":"FjRJtU}`avvtq4+}xhB{","fields":{"NUM":0}}},"SPEED":{"shadow":{"type":"speed_slider","id":"G~@E+JeaWttp^@;SE*_2","fields":{"NUM":50}}}},"next":{"block":{"type":"time_sleep","id":"ZQ|A_a]CTh%8jlYV#3gq","inputs":{"TIME":{"shadow":{"type":"speed_slider","id":"g)oRj(B*~$yZt,C`qN!!","fields":{"NUM":0.3}},"block":{"type":"variables_get","id":"$dcU.(W^_Dr!H{NEC4T7","fields":{"VAR":{"id":"-jKq`}#`hk)v0_n3WTTX"}}}}},"next":{"block":{"type":"mybuddy_send_angles","id":"J|yQaXEx7A,xh[T1@uEm","fields":{"ID":"2"},"inputs":{"J1":{"shadow":{"type":"angle_slider","id":"nB)6S00^}U1%)P?YIY*Y","fields":{"NUM":82}}},"J2":{"shadow":{"type":"angle_slider","id":"l589=UBn_#0o-CExFc~;","fields":{"NUM":-61}}},"J3":{"shadow":{"type":"angle_slider","id":"R3K!hi=mU=3qmp]u$;%g","fields":{"NUM":-70}}},"J4":{"shadow":{"type":"angle_slider","id":"3%Ff#.d}kF$rVBQD#p[F","fields":{"NUM":86}}},"J5":{"shadow":{"type":"angle_slider","id":"qw)+-E2GpO]ZU0nliKg$","fields":{"NUM":29}}},"J6":{"shadow":{"type":"angle_slider","id":"E#8*w/7oLT!arEIC.8?F","fields":{"NUM":0}}},"SPEED":{"shadow":{"type":"speed_slider","id":"FT3z^w5sN2nCTx[ekANa","fields":{"NUM":50}}}},"next":{"block":{"type":"time_sleep","id":"|//k}[BYwy#z?@.rUmri","inputs":{"TIME":{"shadow":{"type":"speed_slider","id":"Dd-:(|.9V3AU3F*[ZT:o","fields":{"NUM":0.3}},"block":{"type":"variables_get","id":"3$;~@m?So+zeB:lLIUZn","fields":{"VAR":{"id":"-jKq`}#`hk)v0_n3WTTX"}}}}},"next":{"block":{"type":"mybuddy_send_angles","id":"o[Xx3n5XKBTS:t@[k6mY","fields":{"ID":"2"},"inputs":{"J1":{"shadow":{"type":"angle_slider","id":"[a%XMNH%yeNUaufq1{W_","fields":{"NUM":113}}},"J2":{"shadow":{"type":"angle_slider","id":"8E]1`hu=!bn:U^]ocgME","fields":{"NUM":-30}}},"J3":{"shadow":{"type":"angle_slider","id":"yAH+hdUbUit-c?k,]8_|","fields":{"NUM":-70}}},"J4":{"shadow":{"type":"angle_slider","id":"+wn=8GQ~FeoDIgnQQeNw","fields":{"NUM":60}}},"J5":{"shadow":{"type":"angle_slider","id":"]B/}}it5.^8/#AX3f=i;","fields":{"NUM":-20}}},"J6":{"shadow":{"type":"angle_slider","id":"%FK5eK9p:d|Z)Itqf],@","fields":{"NUM":0}}},"SPEED":{"shadow":{"type":"speed_slider","id":"YoV+~#I)#:iOI9ZS6X%i","fields":{"NUM":50}}}},"next":{"block":{"type":"time_sleep","id":"f@8j}2LKlU0t?6kDva4~","inputs":{"TIME":{"shadow":{"type":"speed_slider","id":"HTg$mJr3}RhpZ*.q86^x","fields":{"NUM":0.3}},"block":{"type":"variables_get","id":"|.x3c?SprN)LBw:yv7W[","fields":{"VAR":{"id":"-jKq`}#`hk)v0_n3WTTX"}}}}},"next":{"block":{"type":"mybuddy_send_angles","id":"@dB+H:g7(^6RIgV^dH(0","fields":{"ID":"2"},"inputs":{"J1":{"shadow":{"type":"angle_slider","id":"L0sRp|]gWkF#TA+wtHJR","fields":{"NUM":82}}},"J2":{"shadow":{"type":"angle_slider","id":"s=mY%l*wEr5Z4fx?!*eo","fields":{"NUM":-61}}},"J3":{"shadow":{"type":"angle_slider","id":"p0^)}@Nk+y?h{0G:#_Ow","fields":{"NUM":-70}}},"J4":{"shadow":{"type":"angle_slider","id":"[Ts4uY.{x8*DbKO=-Y0T","fields":{"NUM":86}}},"J5":{"shadow":{"type":"angle_slider","id":"S0;#AEGv_%D7:FK2xkKU","fields":{"NUM":29}}},"J6":{"shadow":{"type":"angle_slider","id":"Su*dQC_8o!CleP1Q+yku","fields":{"NUM":0}}},"SPEED":{"shadow":{"type":"speed_slider","id":"pF#}[7Vjv3|(5]p4!3Fo","fields":{"NUM":50}}}},"next":{"block":{"type":"time_sleep","id":"F-yG?SJz,GggW|M;)tOc","inputs":{"TIME":{"shadow":{"type":"speed_slider","id":"uoh%XCPXU#Ok($;zN(Or","fields":{"NUM":0.3}},"block":{"type":"variables_get","id":"EH]i_c/9@1vGK}GP#sRG","fields":{"VAR":{"id":"-jKq`}#`hk)v0_n3WTTX"}}}}},"next":{"block":{"type":"mybuddy_send_angles","id":"i*4!0$(MpPeb4I3WY#0n","fields":{"ID":"2"},"inputs":{"J1":{"shadow":{"type":"angle_slider","id":"~URupKr:cer*]A1#i-T(","fields":{"NUM":103}}},"J2":{"shadow":{"type":"angle_slider","id":"4?MW6yaUSIuO@rGXKn4o","fields":{"NUM":-78}}},"J3":{"shadow":{"type":"angle_slider","id":".$-7K.).sk7MZGjm{HuL","fields":{"NUM":-70}}},"J4":{"shadow":{"type":"angle_slider","id":"ln}=3Kw(qpVn{D`V!.$V","fields":{"NUM":105}}},"J5":{"shadow":{"type":"angle_slider","id":"k$)qx[wrA_fGQ;Vbp+G5","fields":{"NUM":16}}},"J6":{"shadow":{"type":"angle_slider","id":"|mr#$qqA?qooM1}CH_V?","fields":{"NUM":0}}},"SPEED":{"shadow":{"type":"speed_slider","id":"@xKr5+|g2W=+8dJeDT{,","fields":{"NUM":50}}}},"next":{"block":{"type":"resume_sync","id":"!Os^O:!mBG0u7AbXRmdQ","next":{"block":{"type":"time_sleep","id":"|~l]ZdH@7$^p6,P!04ss","inputs":{"TIME":{"shadow":{"type":"speed_slider","id":")1tH=}}r2)C^3bo5LVBb","fields":{"NUM":0.3}},"block":{"type":"variables_get","id":"x{WIU%k-]G*9.nP}*$e)","fields":{"VAR":{"id":"-jKq`}#`hk)v0_n3WTTX"}}}}},"next":{"block":{"type":"mybuddy_send_angles","id":"@?=iXi;pLJ7X.^_ULr{M","fields":{"ID":"2"},"inputs":{"J1":{"shadow":{"type":"angle_slider","id":"dESW5]#6}9sTPS`l[sEE","fields":{"NUM":82}}},"J2":{"shadow":{"type":"angle_slider","id":"g/MQDv{?cd?C9pGt*Zg`","fields":{"NUM":-61}}},"J3":{"shadow":{"type":"angle_slider","id":"2qqXtW@_F]QF?`gsFP?a","fields":{"NUM":-70}}},"J4":{"shadow":{"type":"angle_slider","id":"=u%.bXe|W0}4xf|7gR;w","fields":{"NUM":86}}},"J5":{"shadow":{"type":"angle_slider","id":"{$kD:ecX~ODMgi/]S8DD","fields":{"NUM":29}}},"J6":{"shadow":{"type":"angle_slider","id":"K;4S|kO[Z]agY@rJTN;f","fields":{"NUM":0}}},"SPEED":{"shadow":{"type":"speed_slider","id":"R0REd{Y|JOEg3Y6Qth=l","fields":{"NUM":50}}}},"next":{"block":{"type":"time_sleep","id":"OI=lRT)Yx`u$x+)L=NL^","inputs":{"TIME":{"shadow":{"type":"speed_slider","id":"DH*.SH|%Qaa]![fIcZ5^","fields":{"NUM":0.3}},"block":{"type":"variables_get","id":"*a$WUf|:~O[gYTKQ~f7B","fields":{"VAR":{"id":"-jKq`}#`hk)v0_n3WTTX"}}}}},"next":{"block":{"type":"mybuddy_send_angles","id":"9(wy`+uZ(^|q~;Bq8Z+b","fields":{"ID":"2"},"inputs":{"J1":{"shadow":{"type":"angle_slider","id":"vJHMe3#~Q=-O_^PtW^7N","fields":{"NUM":113}}},"J2":{"shadow":{"type":"angle_slider","id":"cSb{Y-dc17uoZ-;r8)S@","fields":{"NUM":-30}}},"J3":{"shadow":{"type":"angle_slider","id":"*PC8ayih^fVu#)p!P9Kc","fields":{"NUM":-70}}},"J4":{"shadow":{"type":"angle_slider","id":"U8F%=QOr24xOE_L,paQ{","fields":{"NUM":60}}},"J5":{"shadow":{"type":"angle_slider","id":"W,1h2Q^je?G5$|$KT5F+","fields":{"NUM":-20}}},"J6":{"shadow":{"type":"angle_slider","id":"loUeLt/iO{|mb|LK^MU!","fields":{"NUM":0}}},"SPEED":{"shadow":{"type":"speed_slider","id":"/l#yCEkj_Mt5[smXXG.3","fields":{"NUM":50}}}},"next":{"block":{"type":"time_sleep","id":"Fz?FxGx0XVLdC(L;uJ$Q","inputs":{"TIME":{"shadow":{"type":"speed_slider","id":"tk{g*OPsW,l3T?b:`?G?","fields":{"NUM":0.3}},"block":{"type":"variables_get","id":"yccE6w5WKmjP,D@N:EEB","fields":{"VAR":{"id":"-jKq`}#`hk)v0_n3WTTX"}}}}},"next":{"block":{"type":"mybuddy_send_angles","id":"!hH#{MC2f~_q8$T[kV.A","fields":{"ID":"2"},"inputs":{"J1":{"shadow":{"type":"angle_slider","id":"%!(gPiFo]a-?kivYghF)","fields":{"NUM":82}}},"J2":{"shadow":{"type":"angle_slider","id":"T?d|lqu3)w*a-zi|+PS]","fields":{"NUM":-61}}},"J3":{"shadow":{"type":"angle_slider","id":"v!nVTh%z!|6{B8~3/K_6","fields":{"NUM":-70}}},"J4":{"shadow":{"type":"angle_slider","id":"U#o|~IoAJXm#$o;WC)Je","fields":{"NUM":86}}},"J5":{"shadow":{"type":"angle_slider","id":"Fc]0p_DBF3BS#B|eUFo!","fields":{"NUM":29}}},"J6":{"shadow":{"type":"angle_slider","id":"BFs(XOhH|4!*xc1~!*M3","fields":{"NUM":0}}},"SPEED":{"shadow":{"type":"speed_slider","id":"MqqT*0?n:x3oJ{sm!F3W","fields":{"NUM":50}}}},"next":{"block":{"type":"time_sleep","id":"t+pAB0XWM45v7J$$fUH#","inputs":{"TIME":{"shadow":{"type":"speed_slider","id":"R8~np{bK7Zr*3cR9zzmy","fields":{"NUM":0.3}},"block":{"type":"variables_get","id":":Ynd3sh#r]-koHM#-z{;","fields":{"VAR":{"id":"-jKq`}#`hk)v0_n3WTTX"}}}}},"next":{"block":{"type":"mybuddy_send_angles","id":"Q4q%#8Q;$YF2Tby=%+/`","fields":{"ID":"2"},"inputs":{"J1":{"shadow":{"type":"angle_slider","id":"ii5Z,wiBsh,a,`T[1V?d","fields":{"NUM":103}}},"J2":{"shadow":{"type":"angle_slider","id":".WhJ`Q@@/7Euxt91zUdX","fields":{"NUM":-78}}},"J3":{"shadow":{"type":"angle_slider","id":"IUu~fTmNS,MV4}[;$DcP","fields":{"NUM":-70}}},"J4":{"shadow":{"type":"angle_slider","id":"^5[UAW.MVrNV{zZ2MhL2","fields":{"NUM":105}}},"J5":{"shadow":{"type":"angle_slider","id":"@gZEFy#0@-ktyRRR~-;S","fields":{"NUM":16}}},"J6":{"shadow":{"type":"angle_slider","id":")#vjv434iRef(+b.$b?j","fields":{"NUM":0}}},"SPEED":{"shadow":{"type":"speed_slider","id":"GG6(Wm(GpiFuyz)Dtgjr","fields":{"NUM":50}}}},"next":{"block":{"type":"time_sleep","id":"n|B.@p{RD~%Q67N#W+QB","inputs":{"TIME":{"shadow":{"type":"speed_slider","id":"g)oRj(B*~$yZt,C`qN!!","fields":{"NUM":0.3}},"block":{"type":"variables_get","id":"a|#X*2VqQ:3kFim!$@TD","fields":{"VAR":{"id":"-jKq`}#`hk)v0_n3WTTX"}}}}},"next":{"block":{"type":"mybuddy_send_angles","id":"97|vXxNWm`+4[/#vZ-@l","fields":{"ID":"2"},"inputs":{"J1":{"shadow":{"type":"angle_slider","id":"tohsE(RLTb]kj35VC:f7","fields":{"NUM":82}}},"J2":{"shadow":{"type":"angle_slider","id":"{6G20DDm;!6ty-|ju]t?","fields":{"NUM":-61}}},"J3":{"shadow":{"type":"angle_slider","id":"|h5U7=EGVJgTFE6v^a(l","fields":{"NUM":-70}}},"J4":{"shadow":{"type":"angle_slider","id":"TuHBYrwX5z{X)eVhTGUf","fields":{"NUM":86}}},"J5":{"shadow":{"type":"angle_slider","id":"p0ttB=m}*vYmZEv%)%Q0","fields":{"NUM":29}}},"J6":{"shadow":{"type":"angle_slider","id":"D)EVDwcMFz0,jlUo+RWD","fields":{"NUM":0}}},"SPEED":{"shadow":{"type":"speed_slider","id":"e5(K[$HDINdN)r$@,,b1","fields":{"NUM":50}}}},"next":{"block":{"type":"time_sleep","id":"e^/X-Y##]Yr*~$6CC%4L","inputs":{"TIME":{"shadow":{"type":"speed_slider","id":"Dd-:(|.9V3AU3F*[ZT:o","fields":{"NUM":0.3}},"block":{"type":"variables_get","id":"{qi1Npo5=f`#RT*Qk}n6","fields":{"VAR":{"id":"-jKq`}#`hk)v0_n3WTTX"}}}}},"next":{"block":{"type":"mybuddy_send_angles","id":"^NeQ/WK{Nd_i.C`G`pvS","fields":{"ID":"2"},"inputs":{"J1":{"shadow":{"type":"angle_slider","id":"iG=dw.(t1gVt]:xPf8)V","fields":{"NUM":113}}},"J2":{"shadow":{"type":"angle_slider","id":"gOt%OjMIG%|^j%$A=?f/","fields":{"NUM":-30}}},"J3":{"shadow":{"type":"angle_slider","id":"yP:Bu(h.C:/1wm_[%$7l","fields":{"NUM":-70}}},"J4":{"shadow":{"type":"angle_slider","id":"^$Uf!B@pV.6zt($XiuD+","fields":{"NUM":60}}},"J5":{"shadow":{"type":"angle_slider","id":"Q!sRe4K)}y)4cBaF:ZvB","fields":{"NUM":-20}}},"J6":{"shadow":{"type":"angle_slider","id":"_[!rp_91edU[GjYr8%YF","fields":{"NUM":0}}},"SPEED":{"shadow":{"type":"speed_slider","id":"6WV@,Z^!Oss@r[-DLLXw","fields":{"NUM":50}}}},"next":{"block":{"type":"time_sleep","id":"[Uvj(QpuG_itL.QGbrq)","inputs":{"TIME":{"shadow":{"type":"speed_slider","id":"HTg$mJr3}RhpZ*.q86^x","fields":{"NUM":0.3}},"block":{"type":"variables_get","id":"{d[!G`GKzk[sI,+V3XWF","fields":{"VAR":{"id":"-jKq`}#`hk)v0_n3WTTX"}}}}},"next":{"block":{"type":"mybuddy_send_angles","id":"DGLa~[GlLE%eR=VZW;Tu","fields":{"ID":"2"},"inputs":{"J1":{"shadow":{"type":"angle_slider","id":"mOR|-}*}86=kIG]/9$EL","fields":{"NUM":82}}},"J2":{"shadow":{"type":"angle_slider","id":"LB[{IqzQEwd5nV~71L}3","fields":{"NUM":-61}}},"J3":{"shadow":{"type":"angle_slider","id":"I1RQ8vJDMD$Q,.nikUND","fields":{"NUM":-70}}},"J4":{"shadow":{"type":"angle_slider","id":"@cE!Kh.d9y#6;t7G]]E7","fields":{"NUM":86}}},"J5":{"shadow":{"type":"angle_slider","id":"IZ_CJb4?ax9P90Sc/wpC","fields":{"NUM":29}}},"J6":{"shadow":{"type":"angle_slider","id":"}9^L*lDB#fY(3eT5s-3/","fields":{"NUM":0}}},"SPEED":{"shadow":{"type":"speed_slider","id":")9iBej!j.t]sWvq?V]6u","fields":{"NUM":50}}}},"next":{"block":{"type":"time_sleep","id":"nJz|^m!8x`E,$W/xO1:)","inputs":{"TIME":{"shadow":{"type":"speed_slider","id":"uoh%XCPXU#Ok($;zN(Or","fields":{"NUM":0.3}},"block":{"type":"variables_get","id":"MjOAF+y-rrt_1@338zYG","fields":{"VAR":{"id":"-jKq`}#`hk)v0_n3WTTX"}}}}},"next":{"block":{"type":"mybuddy_send_angles","id":"=TSjhPIf!E!a~}6@sdy6","fields":{"ID":"2"},"inputs":{"J1":{"shadow":{"type":"angle_slider","id":"9v[-}m0=#?ovw-h#m]N,","fields":{"NUM":103}}},"J2":{"shadow":{"type":"angle_slider","id":"m(:zrgh+Y7hNJ::d6eu1","fields":{"NUM":-78}}},"J3":{"shadow":{"type":"angle_slider","id":"fp]7+jr?FKzxt#uFzL}N","fields":{"NUM":-70}}},"J4":{"shadow":{"type":"angle_slider","id":"`~Auokg:RoqbC,jF}bA8","fields":{"NUM":105}}},"J5":{"shadow":{"type":"angle_slider","id":"8+ybnwHU!r/b$]*C4pjU","fields":{"NUM":16}}},"J6":{"shadow":{"type":"angle_slider","id":"]06WtFs}5],ugk-bT@u?","fields":{"NUM":0}}},"SPEED":{"shadow":{"type":"speed_slider","id":"qj]h;Ft~@[+N/D==c(rx","fields":{"NUM":50}}}}}}}}}}}}}}}}}}}}}}}}}}}}}}}}}}}}}}}}}}}}}}}}}}}}}}}}}}}}}}}}}}}}}}}}}}}}}}}}}}}}}}}}}}}}}}}}}}}}}}}}}},{"type":"left_arm","id":"QzPivd%4w=v?5FQ}kUa2","x":-12,"y":87,"inputs":{"LEFT_ARM":{"block":{"type":"mybuddy_send_angles","id":"6LdF3(?e_GDHu`Bi}JAg","fields":{"ID":"1"},"inputs":{"J1":{"shadow":{"type":"angle_slider","id":"K;Zok!`oUVw4X4.DE0]w","fields":{"NUM":-100}}},"J2":{"shadow":{"type":"angle_slider","id":"B:=3Pj(XyAzAH{0Lg4-J","fields":{"NUM":78}}},"J3":{"shadow":{"type":"angle_slider","id":"/]](c5aWFfpBC-!%luMD","fields":{"NUM":70}}},"J4":{"shadow":{"type":"angle_slider","id":"Qls!zU6J-T-{^U2FheqX","fields":{"NUM":-105}}},"J5":{"shadow":{"type":"angle_slider","id":"!YloP+{l)/YJnaGp@op,","fields":{"NUM":-16}}},"J6":{"shadow":{"type":"angle_slider","id":"qdFSaH+GM{||oKSJc!Zw","fields":{"NUM":0}}},"SPEED":{"shadow":{"type":"speed_slider","id":"tJaPN{];,yqv`tOfUu:e","fields":{"NUM":30}}}},"next":{"block":{"type":"time_sleep","id":"ODE}/+w%4Aaq-/jI3W[d","inputs":{"TIME":{"shadow":{"type":"speed_slider","id":"_}M97M|S5F%ZBqV/VepO","fields":{"NUM":2}}}},"next":{"block":{"type":"mybuddy_send_angles","id":"#3^mCNLB+g1H,4F].G5s","fields":{"ID":"1"},"inputs":{"J1":{"shadow":{"type":"angle_slider","id":"9Du7]HT3F$A:`x4]nq18","fields":{"NUM":-82}}},"J2":{"shadow":{"type":"angle_slider","id":"%TA-:Zu:dZ+#)t31}4lw","fields":{"NUM":61}}},"J3":{"shadow":{"type":"angle_slider","id":"!]K-{[7j/{{|.n+5$*]z","fields":{"NUM":70}}},"J4":{"shadow":{"type":"angle_slider","id":"UNapI,|cO%$qkvSuT1/W","fields":{"NUM":-86}}},"J5":{"shadow":{"type":"angle_slider","id":"KR(]`97JySi/l*Vi2D#{","fields":{"NUM":-29}}},"J6":{"shadow":{"type":"angle_slider","id":"Q4e~lc~E;wl[rgUtRNPu","fields":{"NUM":0}}},"SPEED":{"shadow":{"type":"speed_slider","id":"Qwg3Zy_%Okny@{mFMsth","fields":{"NUM":50}}}},"next":{"block":{"type":"time_sleep","id":"H#5OZv87!();LQEzjuDJ","inputs":{"TIME":{"shadow":{"type":"speed_slider","id":"_}M97M|S5F%ZBqV/VepO","fields":{"NUM":0.4}},"block":{"type":"variables_get","id":"ZKgQeyF;.[U:8.g}gg,Z","fields":{"VAR":{"id":"-jKq`}#`hk)v0_n3WTTX"}}}}},"next":{"block":{"type":"mybuddy_send_angles","id":"(`oSIy9gjvhd:.~F{D:n","fields":{"ID":"1"},"inputs":{"J1":{"shadow":{"type":"angle_slider","id":"NdbS}ix,{:UD2ZroT+^g","fields":{"NUM":-113}}},"J2":{"shadow":{"type":"angle_slider","id":"csIo%sqaqC[/0**P~/LE","fields":{"NUM":30}}},"J3":{"shadow":{"type":"angle_slider","id":"^T4q-L?5cP9#:Y;pC!K3","fields":{"NUM":70}}},"J4":{"shadow":{"type":"angle_slider","id":"~b|zuAt!znChG#t(1=iH","fields":{"NUM":-60}}},"J5":{"shadow":{"type":"angle_slider","id":"Mz*}-CM:F|VtZgE-0NPP","fields":{"NUM":20}}},"J6":{"shadow":{"type":"angle_slider","id":"A-WS:=|w{aw/]THO/g3C","fields":{"NUM":0}}},"SPEED":{"shadow":{"type":"speed_slider","id":"8F8NlrjY@qx/or.C0,U+","fields":{"NUM":50}}}},"next":{"block":{"type":"time_sleep","id":"h]+8!u)7HBGFl:X2Fr(b","inputs":{"TIME":{"shadow":{"type":"speed_slider","id":"Y!wC8l=}~!kfdAwM{i?h","fields":{"NUM":0.4}},"block":{"type":"variables_get","id":"%90Otj+x3!R~S@CBuoDU","fields":{"VAR":{"id":"-jKq`}#`hk)v0_n3WTTX"}}}}},"next":{"block":{"type":"mybuddy_send_angles","id":"1u@5^C[-id|#t=G0n0tJ","fields":{"ID":"1"},"inputs":{"J1":{"shadow":{"type":"angle_slider","id":"ujNJjrNk1QA?dQ|^^{w!","fields":{"NUM":-82}}},"J2":{"shadow":{"type":"angle_slider","id":"5xK}1yD+-@P^pLcn^gVD","fields":{"NUM":61}}},"J3":{"shadow":{"type":"angle_slider","id":"d`r@AFWBnEkc:g-WRnF/","fields":{"NUM":70}}},"J4":{"shadow":{"type":"angle_slider","id":"[H_B-jFBs~xdHUl74$:i","fields":{"NUM":-86}}},"J5":{"shadow":{"type":"angle_slider","id":"55y%GtH1JKe/P;dh?b8K","fields":{"NUM":-29}}},"J6":{"shadow":{"type":"angle_slider","id":"G|*uE_Dn)1hfP$7L0MB`","fields":{"NUM":0}}},"SPEED":{"shadow":{"type":"speed_slider","id":"61oSe6q+(xNUV5YIA$:|","fields":{"NUM":50}}}},"next":{"block":{"type":"time_sleep","id":"g%*.;FOxSX1lQZp661{4","inputs":{"TIME":{"shadow":{"type":"speed_slider","id":"!L3=WU1!%/)[oM^.9j|I","fields":{"NUM":0.4}},"block":{"type":"variables_get","id":"|g1AZ8igfY1-~JHMJ!Hk","fields":{"VAR":{"id":"-jKq`}#`hk)v0_n3WTTX"}}}}},"next":{"block":{"type":"mybuddy_send_angles","id":"lYig49no@$.V4Llv501y","fields":{"ID":"1"},"inputs":{"J1":{"shadow":{"type":"angle_slider","id":"uIq=Z0w0KaXUfXJlyXNO","fields":{"NUM":-100}}},"J2":{"shadow":{"type":"angle_slider","id":"B(b|{{-X=UQ!IYjpvG]:","fields":{"NUM":78}}},"J3":{"shadow":{"type":"angle_slider","id":"oUd:H$*YEr~s{zCR;6mT","fields":{"NUM":70}}},"J4":{"shadow":{"type":"angle_slider","id":"vX4KJI!_F[C$IIN7:).F","fields":{"NUM":-105}}},"J5":{"shadow":{"type":"angle_slider","id":"vz}h~5o@~f{~v)DgQ{=k","fields":{"NUM":-16}}},"J6":{"shadow":{"type":"angle_slider","id":"y5bNJmNSgQIZ_3$lG=.5","fields":{"NUM":0}}},"SPEED":{"shadow":{"type":"speed_slider","id":"#|IlwG=~7{3wEM,t@b[f","fields":{"NUM":50}}}},"next":{"block":{"type":"time_sleep","id":"!1Gg^|%FxLQ{7R4g5,W0","inputs":{"TIME":{"shadow":{"type":"speed_slider","id":"x8rndNPv3D#sNf$r,~j*","fields":{"NUM":0.4}},"block":{"type":"variables_get","id":"!ZCpryEG_cLVr(u!7`hA","fields":{"VAR":{"id":"-jKq`}#`hk)v0_n3WTTX"}}}}},"next":{"block":{"type":"mybuddy_send_angles","id":"LV7]a[D?/H:X`,rM}7N.","fields":{"ID":"1"},"inputs":{"J1":{"shadow":{"type":"angle_slider","id":"/|{e_|+yTc4v-:)[{=dM","fields":{"NUM":-82}}},"J2":{"shadow":{"type":"angle_slider","id":"(BE8@tUQ?/9hfUD9fLo+","fields":{"NUM":61}}},"J3":{"shadow":{"type":"angle_slider","id":"b5}KCHsb[nbECUSDzG#%","fields":{"NUM":70}}},"J4":{"shadow":{"type":"angle_slider","id":"*|Ff*}S9M{m+KQ^R0FIW","fields":{"NUM":-86}}},"J5":{"shadow":{"type":"angle_slider","id":"NqBmP{s4~}KDDxdvJA91","fields":{"NUM":-29}}},"J6":{"shadow":{"type":"angle_slider","id":".jnZ@yg/V-X]q:,zcJF,","fields":{"NUM":0}}},"SPEED":{"shadow":{"type":"speed_slider","id":"dw=xu8Hs-RFL.EhEkk/Z","fields":{"NUM":50}}}},"next":{"block":{"type":"time_sleep","id":"n(GI(jui!HClpCJD/YAI","inputs":{"TIME":{"shadow":{"type":"speed_slider","id":"n-4XAqr6H03nzl4sY%Q$","fields":{"NUM":0.4}},"block":{"type":"variables_get","id":"G}U1z,:HD!JnH4n_dtq+","fields":{"VAR":{"id":"-jKq`}#`hk)v0_n3WTTX"}}}}},"next":{"block":{"type":"mybuddy_send_angles","id":"Aa`|]mucFc;mL6@|B!(J","fields":{"ID":"1"},"inputs":{"J1":{"shadow":{"type":"angle_slider","id":"V35ER)UQ*^Q7j~Ll73Ja","fields":{"NUM":-113}}},"J2":{"shadow":{"type":"angle_slider","id":"ZG^WE#2q8@^b!12agTK:","fields":{"NUM":30}}},"J3":{"shadow":{"type":"angle_slider","id":"c{3=RRXcvSe~iz!^QEUT","fields":{"NUM":70}}},"J4":{"shadow":{"type":"angle_slider","id":"kZ0Zl}dkN26HL$lz;IAY","fields":{"NUM":-60}}},"J5":{"shadow":{"type":"angle_slider","id":"NCumi082k`!sa}gK3kJF","fields":{"NUM":20}}},"J6":{"shadow":{"type":"angle_slider","id":"CcPxJhJvY%R*MFv1y?r~","fields":{"NUM":0}}},"SPEED":{"shadow":{"type":"speed_slider","id":"qi@B`I9X*|U-(j@M~PMq","fields":{"NUM":50}}}},"next":{"block":{"type":"time_sleep","id":"hJcb^-kLQfg@hshAvkc@","inputs":{"TIME":{"shadow":{"type":"speed_slider","id":"{L~ogV/b}m`i#eXK/]mY","fields":{"NUM":0.4}},"block":{"type":"variables_get","id":"{v5?}wwg}9tsGR9pw#x^","fields":{"VAR":{"id":"-jKq`}#`hk)v0_n3WTTX"}}}}},"next":{"block":{"type":"mybuddy_send_angles","id":"jD$DNgS41_BfIE/Pn.S9","fields":{"ID":"1"},"inputs":{"J1":{"shadow":{"type":"angle_slider","id":":h[a2Dpj~-I(jC0joz_q","fields":{"NUM":-82}}},"J2":{"shadow":{"type":"angle_slider","id":"D!]:d|*@dCEzs;Eo*}S8","fields":{"NUM":61}}},"J3":{"shadow":{"type":"angle_slider","id":"1KzE(OS6NQC+degZD]+0","fields":{"NUM":70}}},"J4":{"shadow":{"type":"angle_slider","id":"ob{rO(]r*w_DrhNbm3Ni","fields":{"NUM":-86}}},"J5":{"shadow":{"type":"angle_slider","id":"3m-hE,!i6bJ1`}n|U;bX","fields":{"NUM":-29}}},"J6":{"shadow":{"type":"angle_slider","id":"DRtIdubip^A*yvRm9ocJ","fields":{"NUM":0}}},"SPEED":{"shadow":{"type":"speed_slider","id":"W^jx[M^=.Uot@{+Uq@)]","fields":{"NUM":50}}}},"next":{"block":{"type":"time_sleep","id":"TO[-bS+,[o;}8roEo$re","inputs":{"TIME":{"shadow":{"type":"speed_slider","id":"To:H3_|=wLLH_K8bRvNf","fields":{"NUM":0.4}},"block":{"type":"variables_get","id":";z1o6)ChT/V|z{V`+1O{","fields":{"VAR":{"id":"-jKq`}#`hk)v0_n3WTTX"}}}}},"next":{"block":{"type":"mybuddy_send_angles","id":"aG,]1QFClkZ]R/fU.n2:","fields":{"ID":"1"},"inputs":{"J1":{"shadow":{"type":"angle_slider","id":"jSgIbQSMJ$rm`yp*|nZW","fields":{"NUM":-100}}},"J2":{"shadow":{"type":"angle_slider","id":"tE}9q}iDOt7%$dr9e}R:","fields":{"NUM":78}}},"J3":{"shadow":{"type":"angle_slider","id":"-A6.T,3uRK8houncd8.z","fields":{"NUM":70}}},"J4":{"shadow":{"type":"angle_slider","id":"55jiD,pR4h(jhv94Syjq","fields":{"NUM":-105}}},"J5":{"shadow":{"type":"angle_slider","id":"7A`cQn9MR#$lo,=Iq!7W","fields":{"NUM":-16}}},"J6":{"shadow":{"type":"angle_slider","id":"eNF:Aq;afIrbl9],?#r8","fields":{"NUM":0}}},"SPEED":{"shadow":{"type":"speed_slider","id":"[@p.3d~6G4S5Ej?TSc,U","fields":{"NUM":50}}}},"next":{"block":{"type":"sync_dot","id":":I^-AJr;_N1W$0ZhOr}{","next":{"block":{"type":"time_sleep","id":"]GFY+r?`HL.,5Xw3~ALN","inputs":{"TIME":{"shadow":{"type":"speed_slider","id":"_}M97M|S5F%ZBqV/VepO","fields":{"NUM":0.4}},"block":{"type":"variables_get","id":"e/W^(EL=zN_q}gF_@n7O","fields":{"VAR":{"id":"-jKq`}#`hk)v0_n3WTTX"}}}}},"next":{"block":{"type":"mybuddy_send_angles","id":"-K@7L=m/~fs;pC*!)}:r","fields":{"ID":"1"},"inputs":{"J1":{"shadow":{"type":"angle_slider","id":"^v~:1*j+py0kuUY`#e-d","fields":{"NUM":-82}}},"J2":{"shadow":{"type":"angle_slider","id":"-V-0}!gXe~p{/?m(SkkO","fields":{"NUM":61}}},"J3":{"shadow":{"type":"angle_slider","id":"4gt.rC?YVL^Yzt%f;O/!","fields":{"NUM":70}}},"J4":{"shadow":{"type":"angle_slider","id":"|(-B9z`?S`qOL1;5c%-f","fields":{"NUM":-86}}},"J5":{"shadow":{"type":"angle_slider","id":"W#!2v8OQa?e#y)R;.tQ8","fields":{"NUM":-29}}},"J6":{"shadow":{"type":"angle_slider","id":"XKoXN17^Y$atiuO{p,3m","fields":{"NUM":0}}},"SPEED":{"shadow":{"type":"speed_slider","id":"ULA/}(jaKX6V][Po}1NN","fields":{"NUM":50}}}},"next":{"block":{"type":"time_sleep","id":"PGEIQ$mfQ;hGX9tnHtIh","inputs":{"TIME":{"shadow":{"type":"speed_slider","id":"_}M97M|S5F%ZBqV/VepO","fields":{"NUM":0.4}},"block":{"type":"variables_get","id":"asG8~RETyvO:~gGek9J+","fields":{"VAR":{"id":"-jKq`}#`hk)v0_n3WTTX"}}}}},"next":{"block":{"type":"mybuddy_send_angles","id":"})%8i]Bwg${E)bIAL+p~","fields":{"ID":"1"},"inputs":{"J1":{"shadow":{"type":"angle_slider","id":"M#ti^i|sc#]Jl$sm_3dg","fields":{"NUM":-113}}},"J2":{"shadow":{"type":"angle_slider","id":"5xi5hgOMuBogU}ovS%XH","fields":{"NUM":30}}},"J3":{"shadow":{"type":"angle_slider","id":"Goph*qSQN[_`Z6.9gaoK","fields":{"NUM":70}}},"J4":{"shadow":{"type":"angle_slider","id":"6e,!N8-TeA[sb8F7uxe_","fields":{"NUM":-60}}},"J5":{"shadow":{"type":"angle_slider","id":"9LeLYNmeNBPC@=5UQ*y|","fields":{"NUM":20}}},"J6":{"shadow":{"type":"angle_slider","id":"@8.IgS/L1IJU8b0=[.vw","fields":{"NUM":0}}},"SPEED":{"shadow":{"type":"speed_slider","id":"5|px|r@6uKLrRFrE[QS|","fields":{"NUM":50}}}},"next":{"block":{"type":"time_sleep","id":"rMpD1p|?Q-U.GTbe@RfW","inputs":{"TIME":{"shadow":{"type":"speed_slider","id":"Y!wC8l=}~!kfdAwM{i?h","fields":{"NUM":0.4}},"block":{"type":"variables_get","id":"u$)/x3^qT0e513$Gr=ed","fields":{"VAR":{"id":"-jKq`}#`hk)v0_n3WTTX"}}}}},"next":{"block":{"type":"mybuddy_send_angles","id":"GF,:7T4U??K9oZ3|b;!!","fields":{"ID":"1"},"inputs":{"J1":{"shadow":{"type":"angle_slider","id":"50ih+%QB/mfIOrXCg$v^","fields":{"NUM":-82}}},"J2":{"shadow":{"type":"angle_slider","id":"JdmQg{@nAatqTw;11roe","fields":{"NUM":61}}},"J3":{"shadow":{"type":"angle_slider","id":"7/GR}06}08l}/Q(v_KH3","fields":{"NUM":70}}},"J4":{"shadow":{"type":"angle_slider","id":"#w~ZR$3OxFtW3=wdUDWh","fields":{"NUM":-86}}},"J5":{"shadow":{"type":"angle_slider","id":"^5mrX~dA*`~./3o$XS,D","fields":{"NUM":-29}}},"J6":{"shadow":{"type":"angle_slider","id":"L$A1#z_9(T0+7IC{$}C]","fields":{"NUM":0}}},"SPEED":{"shadow":{"type":"speed_slider","id":"C?CLz:wqao^}xjv33wEM","fields":{"NUM":50}}}},"next":{"block":{"type":"time_sleep","id":"}ar3(94NOoo,6E|=2)`I","inputs":{"TIME":{"shadow":{"type":"speed_slider","id":"!L3=WU1!%/)[oM^.9j|I","fields":{"NUM":0.4}},"block":{"type":"variables_get","id":"ys|;uC-b_;n*Cb2K-$BC","fields":{"VAR":{"id":"-jKq`}#`hk)v0_n3WTTX"}}}}},"next":{"block":{"type":"mybuddy_send_angles","id":"`S9wF}aPVx@+JrHN{quq","fields":{"ID":"1"},"inputs":{"J1":{"shadow":{"type":"angle_slider","id":"Bxgho./q3xv9JSY[i,Bk","fields":{"NUM":-100}}},"J2":{"shadow":{"type":"angle_slider","id":"l7?X.dfYO?eH{t;a*VA2","fields":{"NUM":78}}},"J3":{"shadow":{"type":"angle_slider","id":"s}{!;!-5|jVQ@b1mABSo","fields":{"NUM":70}}},"J4":{"shadow":{"type":"angle_slider","id":"E8cxr[YXRug/;KvuhlzV","fields":{"NUM":-105}}},"J5":{"shadow":{"type":"angle_slider","id":"sp$?Ao}B5a@izWh$EBuq","fields":{"NUM":-16}}},"J6":{"shadow":{"type":"angle_slider","id":"0tvRbvyK@paJ%glBIO.x","fields":{"NUM":0}}},"SPEED":{"shadow":{"type":"speed_slider","id":"~r4:b+Ga?3r?uv|@n_|g","fields":{"NUM":50}}}},"next":{"block":{"type":"time_sleep","id":"}cv:CgDy2kIG]UG2|,qJ","inputs":{"TIME":{"shadow":{"type":"speed_slider","id":"x8rndNPv3D#sNf$r,~j*","fields":{"NUM":0.4}},"block":{"type":"variables_get","id":"Nf)Eq|*y)2A/*G-Ig]y,","fields":{"VAR":{"id":"-jKq`}#`hk)v0_n3WTTX"}}}}},"next":{"block":{"type":"mybuddy_send_angles","id":"%iO;|xA5SucVP(ql5s4q","fields":{"ID":"1"},"inputs":{"J1":{"shadow":{"type":"angle_slider","id":"e+(@=IJFRZMOv#:X-xdu","fields":{"NUM":-82}}},"J2":{"shadow":{"type":"angle_slider","id":"+UN{xJHXr@~UUUF_iP@a","fields":{"NUM":61}}},"J3":{"shadow":{"type":"angle_slider","id":"DlCnMt{Hsx%IuV7CViHj","fields":{"NUM":70}}},"J4":{"shadow":{"type":"angle_slider","id":"?A+1L^`Nl^x2tZJBtbJX","fields":{"NUM":-86}}},"J5":{"shadow":{"type":"angle_slider","id":"ZiuD,~O)w]#Z+FCNOLwQ","fields":{"NUM":-29}}},"J6":{"shadow":{"type":"angle_slider","id":"0n6?]`*D1~f##t%Vmzm0","fields":{"NUM":0}}},"SPEED":{"shadow":{"type":"speed_slider","id":"q22u,O@iv-T;5~vtzRgk","fields":{"NUM":50}}}},"next":{"block":{"type":"time_sleep","id":"1V^(^89|mcuCp_)9:!Ag","inputs":{"TIME":{"shadow":{"type":"speed_slider","id":"n-4XAqr6H03nzl4sY%Q$","fields":{"NUM":0.4}},"block":{"type":"variables_get","id":"|OrwhOkZPu[2C/z``:VE","fields":{"VAR":{"id":"-jKq`}#`hk)v0_n3WTTX"}}}}},"next":{"block":{"type":"mybuddy_send_angles","id":"oje0.5aw-d{~7ft4wYB3","fields":{"ID":"1"},"inputs":{"J1":{"shadow":{"type":"angle_slider","id":"h1:cb^D+3UW*wh{wK9x@","fields":{"NUM":-113}}},"J2":{"shadow":{"type":"angle_slider","id":"2w1G!}:}qLPp0Z0e$wh#","fields":{"NUM":30}}},"J3":{"shadow":{"type":"angle_slider","id":"+!wzV$j0?pSwhoZ4ATHK","fields":{"NUM":70}}},"J4":{"shadow":{"type":"angle_slider","id":":ZZwJe1zGAI[1Ggxd:IL","fields":{"NUM":-60}}},"J5":{"shadow":{"type":"angle_slider","id":"ZB{}]$;Q`0?!jO^dc!?@","fields":{"NUM":20}}},"J6":{"shadow":{"type":"angle_slider","id":".xXgwWO^1b8YPV_$KF2E","fields":{"NUM":0}}},"SPEED":{"shadow":{"type":"speed_slider","id":"Z4~410/D?~dJRjY28vxg","fields":{"NUM":50}}}},"next":{"block":{"type":"time_sleep","id":"7P]prtv,n=L?Lamo5I[r","inputs":{"TIME":{"shadow":{"type":"speed_slider","id":"{L~ogV/b}m`i#eXK/]mY","fields":{"NUM":0.4}},"block":{"type":"variables_get","id":"=-5/N?~|uAosRh_0Zu_V","fields":{"VAR":{"id":"-jKq`}#`hk)v0_n3WTTX"}}}}},"next":{"block":{"type":"mybuddy_send_angles","id":"IH3{p8bdYI%%fsFBBXFX","fields":{"ID":"1"},"inputs":{"J1":{"shadow":{"type":"angle_slider","id":"7L/JH;`su939IL=q^)SW","fields":{"NUM":-82}}},"J2":{"shadow":{"type":"angle_slider","id":"@#Rij_5hc__IP5`0Tcoj","fields":{"NUM":61}}},"J3":{"shadow":{"type":"angle_slider","id":"6MaAGt8m}~/6!dpWGr(j","fields":{"NUM":70}}},"J4":{"shadow":{"type":"angle_slider","id":"Q-iTsPr)%GN#Ga7=D~Jh","fields":{"NUM":-86}}},"J5":{"shadow":{"type":"angle_slider","id":"q?suH#jp{p^6R)jhck%{","fields":{"NUM":-29}}},"J6":{"shadow":{"type":"angle_slider","id":"YmC@=;6l2.rn^`g!2yRj","fields":{"NUM":0}}},"SPEED":{"shadow":{"type":"speed_slider","id":"j?s5g$TOESe/b0b*1)AU","fields":{"NUM":50}}}},"next":{"block":{"type":"time_sleep","id":"JA_1}pjg!;hKbzp_C3,h","inputs":{"TIME":{"shadow":{"type":"speed_slider","id":"To:H3_|=wLLH_K8bRvNf","fields":{"NUM":0.4}},"block":{"type":"variables_get","id":"AVKz,YXo+;!nWa,5ir-(","fields":{"VAR":{"id":"-jKq`}#`hk)v0_n3WTTX"}}}}},"next":{"block":{"type":"mybuddy_send_angles","id":"t5%Xs5/yoMH6ZMR,~GyE","fields":{"ID":"1"},"inputs":{"J1":{"shadow":{"type":"angle_slider","id":"x_fNCz3#@x~Qn%rbvCE)","fields":{"NUM":-100}}},"J2":{"shadow":{"type":"angle_slider","id":"Zo+Y:xEaPed{c:BDr_sW","fields":{"NUM":78}}},"J3":{"shadow":{"type":"angle_slider","id":"%zdy7.f)_!uw]WV{?H/)","fields":{"NUM":70}}},"J4":{"shadow":{"type":"angle_slider","id":"=SQWp/?!+mp?09!Eqd.e","fields":{"NUM":-105}}},"J5":{"shadow":{"type":"angle_slider","id":"0.=o0w9OKo]u@=8pn=X-","fields":{"NUM":-16}}},"J6":{"shadow":{"type":"angle_slider","id":"|XcAVQ(sVO)/YkyYFP(9","fields":{"NUM":0}}},"SPEED":{"shadow":{"type":"speed_slider","id":"ClmexoM6`J.K?#_~N*@4","fields":{"NUM":50}}}}}}}}}}}}}}}}}}}}}}}}}}}}}}}}}}}}}}}}}}}}}}}}}}}}}}}}}}}}}}}}}}}}}}}}}}]},"variables":[{"name":"a","id":"-jKq`}#`hk)v0_n3WTTX"}]}}